ID;Titel;Surname;Name;Date;Time
20100;Ms.;Werner;Iris;22.05.2020;9:39 AM
20120;Mr.;Krüger;Johannes;30.03.2021;1:00 PM
20140;Ms.;Pfau;Erika;01.06.2021;10:03 AM
20160;Mr.;Mützner;Klaus;23.02.2020;5:21 PM
20180;Mr.;Maier;Uwe;28.04.2021;2:32 PM
20200;Ms.;Lins;Frieda;25.08.2021;9:03 AM
20220;Ms.;Lins;Constanze;26.10.2020;11:35 AM
20240;Ms.;Likuski;Sarah;24.02.2020;10:56 AM
20260;Ms.;Leinfeld;Luise;02.06.2020;5:59 PM
20280;Ms.;Lehmann;Helga;19.03.2020;4:37 PM
20300;Ms.;Kurenik;Sarah;05.03.2020;1:00 PM
20320;Mr.;Kurek;Marcel;18.02.2020;10:29 AM
20340;Ms.;Krummbach;Martina;01.02.2021;6:06 PM
20360;Mr.;Hinze;Franz;30.11.2021;1:57 PM
20380;Mr.;Beyer;Alexander;09.06.2020;5:46 PM
20400;Ms.;Winter;Clara;13.10.2020;1:18 PM
20420;Mr.;Tretin;Tobias;25.03.2020;11:18 AM
20440;Ms.;Siegknecht;Bernadette;31.01.2020;2:53 PM
20460;Ms.;Schneider;Marie;28.05.2020;3:26 PM
20480;Ms.;Schmal;Rita;17.04.2020;3:39 PM
20500;Ms.;Peer;Ute;08.10.2021;5:59 PM
20520;Ms.;Ohden;Verena;27.12.2021;9:30 AM
20540;Mr.;Kunz;Klaus;29.03.2021;5:03 PM
20560;Mr.;Kunz;Helmut;16.04.2020;9:03 AM
20580;Mr.;Kunz;Bernd;20.01.2021;12:11 PM
20600;Ms.;Kunz;Eike;17.01.2020;11:06 AM
20620;Ms.;Kunz;Martina;18.06.2021;3:00 PM
20640;Ms.;Krützner;Simone;26.06.2021;1:36 PM
20660;Ms.;Krupki;Martina;11.11.2021;9:26 AM
20680;Ms.;Krupki;Petra;04.06.2021;4:58 PM
20700;Ms.;Jansen;Diana;27.02.2020;3:20 PM
20720;Ms.;Pool;Maren;14.11.2021;2:13 PM
20740;Mr.;Pielicke;Thomas;13.12.2021;6:07 PM
20760;Ms.;Ottfeld;Lavara;14.03.2021;11:50 AM
20780;Ms.;Maier;Roswitha;27.12.2021;1:34 PM
20800;Ms.;Krone;Anna;19.10.2020;10:37 AM
20820;Ms.;Kreiner;Lea;01.06.2020;11:23 AM
20840;Ms.;Kreiner;Sabine;01.06.2021;5:46 PM
20860;Ms.;Kreiner;Clara;21.11.2021;11:52 AM
20880;Ms.;Kleinbach;Katrin;29.04.2021;4:30 PM
20900;Mr.;Hinze;Uwe;20.09.2020;4:25 PM
20920;Mr.;Hildesheim;Klaus;16.10.2021;10:37 AM
20940;Mr.;Hennig;Holger;17.09.2021;2:56 PM
20960;Ms.;Hassum;Jutta;26.10.2021;10:08 AM
20980;Mr.;Beyer;Udo;18.07.2021;12:50 PM
21000;Mr.;Beyer;Johann;18.09.2020;8:50 AM
21020;Mr.;Beckenbauer;Klaus;23.03.2020;1:45 PM
21040;Mr.;Schneider;Otto;22.07.2020;3:25 PM
21060;Ms.;Ottmann;Doreen;29.01.2021;9:04 AM
21080;Ms.;Möller;Usanè;23.09.2021;1:38 PM
21100;Ms.;Likuski;Felicitas;11.11.2021;1:46 PM
21120;Mr.;Krüger;Reiner;08.07.2020;2:22 PM
21140;Mr.;Krüger;Otto;04.04.2021;4:40 PM
21160;Ms.;Hildesheim;Lana;28.01.2020;1:50 PM
21180;Mr.;Hennig;Franz;18.03.2020;4:12 PM
21200;Mr.;Flamm;Helmut;16.04.2020;8:46 AM
21220;Mr.;Walter;Tristan;30.05.2021;9:30 AM
21240;Ms.;Umbers;Lena;29.06.2021;9:16 AM
21260;Mr.;Pikowski;Otto;28.07.2021;10:55 AM
21280;Mr.;Zubeil;Albrecht;24.10.2021;12:58 PM
21300;Mr.;Redmann;Horst;17.11.2021;3:37 PM
21320;Mr.;Hinze;Marco;06.03.2021;11:21 AM
21340;Ms.;Titus;Martina;13.02.2021;4:41 PM
21360;Ms.;Schmidt;Anne;20.04.2021;5:14 PM
21380;Ms.;Seefeld;Andrea;18.07.2020;2:41 PM
21400;Mr.;Schimanski;Thomas;09.12.2020;2:23 PM
21420;Mr.;Kohl;Jan;11.08.2020;2:18 PM
21440;Ms.;Jansen;Samantha;17.07.2021;2:16 PM
21460;Mr.;Baruth;Paul;16.03.2021;12:09 PM
21480;Ms.;Walter;Linda;02.09.2021;11:36 AM
21500;Mr.;Schimanski;Horst;26.08.2021;10:12 AM
21520;Ms.;Müller;Charlotte;16.03.2020;4:24 PM
21540;Mr.;Uthmann;Otto;14.05.2021;5:53 PM
21560;Mr.;Ucker;Uwe;12.02.2021;5:21 PM
21580;Mr.;Pohl;Sepp;09.10.2021;12:00 PM
21600;Mr.;Kakowski;Johann;15.11.2020;6:11 PM
21620;Ms.;Johann;Kartin;13.10.2021;12:23 PM
21640;Mr.;Uhlemann;Ingo;14.09.2021;3:28 PM
21660;Ms.;Queck;Martina;09.03.2021;1:53 PM
21680;Mr.;Pielicke;Dieter;04.08.2021;1:34 PM
21700;Ms.;Kamm;Kathrin;14.10.2020;4:29 PM
21720;Mr.;Johann;Jörg;12.08.2021;2:18 PM
21740;Mr.;Baruth;Johann;31.07.2021;1:28 PM
21760;Ms.;Umbers;Jessica;02.04.2020;9:03 AM
21780;Ms.;Seefeld;Anna;29.11.2020;9:47 AM
21800;Ms.;Schmied;Anne-Marie;23.02.2021;4:36 PM
21820;Ms.;Kluschke;Kerstin;16.04.2021;4:38 PM
21840;Mr.;Kluge;Mario;04.09.2021;11:33 AM
21860;Ms.;Derwitz;Thea;24.02.2021;3:55 PM
21880;Mr.;Wittkowski;Kevin;23.05.2021;4:18 PM
21900;Ms.;Weckert;Ulrike;19.05.2021;10:22 AM
21920;Ms.;Schmidt;Theresa;13.11.2021;12:15 PM
21940;Ms.;Paulus;Verona;28.03.2021;5:07 PM
21960;Mr.;Meier;Luis;10.07.2020;12:05 PM
21980;Mr.;Leinser;Peer;23.09.2020;11:23 AM
22000;Ms.;Julius;Konstanze;10.12.2020;1:58 PM
22020;Mr.;Jäger;Karsten;24.08.2021;2:34 PM
22040;Ms.;von Brügge;Jana;25.12.2020;1:39 PM
22060;Ms.;Möller;Solweig;17.07.2020;10:13 AM
22080;Ms.;Möller;Henriette;10.06.2020;2:31 PM
22100;Ms.;Lang;Manuela;03.07.2021;12:43 PM
22120;Mr.;Kuscheck;Christian;27.09.2020;8:44 AM
22140;Mr.;Hübner;Hans;19.08.2021;5:25 PM
22160;Mr.;Heine;Walter;28.07.2021;4:54 PM
22180;Mr.;Olaoni;Gerd;17.02.2020;3:33 PM
22200;Mr.;Möller;Uwe;10.03.2021;12:59 PM
22220;Ms.;Möller;Solweig;12.08.2021;10:45 AM
22240;Ms.;Kaiser;Ruth;19.06.2021;2:39 PM
22260;Ms.;Schröder;Solweig;12.07.2021;12:01 PM
22280;Mr.;Schmied;Sebastian;22.09.2021;9:24 AM
22300;Ms.;Ihnsfeld;Jana;07.06.2020;11:34 AM
22320;Mr.;Seefeld;Luis;15.07.2021;12:40 PM
22340;Ms.;Redmann;Linda;20.03.2021;5:55 PM
22360;Mr.;Müller;Martin;04.05.2020;3:53 PM
22380;Mr.;Kakowski;Franz;09.12.2020;4:18 PM
22400;Ms.;Huber;Vera;10.08.2021;11:14 AM
22420;Ms.;Blitz;Jutta;26.12.2021;4:50 PM
22440;Mr.;Uhlemann;Steffen;24.01.2020;10:47 AM
22460;Mr.;Siegthal;Franz;10.11.2021;2:06 PM
22480;Ms.;Rosenzweig;Gerlinde;30.07.2021;2:58 PM
22500;Ms.;Loose;Bettina;20.02.2020;8:53 AM
22520;Mr.;Kaiser;Karl;13.07.2020;11:35 AM
22540;Ms.;Hübner;Marie;14.07.2020;1:32 PM
22560;Ms.;Stolte;Erika;10.05.2020;4:21 PM
22580;Mr.;Schrader;Peter;04.06.2020;8:46 AM
22600;Ms.;Kakowski;Heike;04.03.2020;12:29 PM
22620;Ms.;Schöder;Sophia;07.01.2020;9:53 AM
22640;Mr.;Raabe;Jens;29.10.2020;1:53 PM
22660;Ms.;Piek;Martina;09.12.2021;9:26 AM
22680;Mr.;Paulick;Werner;17.09.2021;5:05 PM
22700;Ms.;Kurz;Olivia;14.09.2020;6:11 PM
22720;Ms.;Immler;Jutta;21.08.2021;5:35 PM
22740;Mr.;Paulick;Lutz;02.02.2020;10:20 AM
22760;Ms.;Talbach;Martina;21.03.2020;6:04 PM
22780;Ms.;Talbach;Steffanie;27.08.2021;9:09 AM
22800;Ms.;Schmied;Annette;08.01.2020;11:27 AM
22820;Mr.;Müllermann;Lutz;15.02.2021;1:07 PM
22840;Mr.;Konstantin;Sepp;09.09.2021;3:11 PM
22860;Ms.;Kakowski;Gabi;18.09.2021;9:12 AM
22880;Ms.;Wieden;Hannelore;08.03.2020;3:11 PM
22900;Ms.;Ucker;Carola;12.04.2021;6:01 PM
22920;Mr.;Svenson;Franz;22.11.2020;10:44 AM
22940;Mr.;Schmidt;Hans Werner;10.04.2021;12:39 PM
22960;Mr.;Paulus;Lutz;21.04.2021;3:20 PM
22980;Mr.;Paulsen;Frank;11.09.2020;4:04 PM
23000;Ms.;Wieden;Gerlind;11.06.2021;5:16 PM
23020;Ms.;Tohl;Caren;15.03.2021;10:03 AM
23040;Ms.;Schmied;Martina;31.10.2020;4:05 PM
23060;Ms.;Olaoni;Nicole;05.11.2020;1:22 PM
23080;Mr.;Lang;Ingolf;14.12.2020;4:40 PM
23100;Ms.;Kohl;Flora;30.05.2021;10:44 AM
23120;Ms.;Klose;Heike;15.03.2020;9:20 AM
23140;Mr.;Hübner;Leo;16.11.2020;4:55 PM
23160;Ms.;Freier;Irene;09.09.2021;9:47 AM
23180;Ms.;Öhnsam;Ramona;27.05.2021;4:24 PM
23200;Mr.;Müllermann;Sebastian;17.06.2021;12:22 PM
23220;Mr.;Meier;Otto;10.02.2021;3:26 PM
23240;Mr.;Maier;Henry;19.06.2021;9:31 AM
23260;Ms.;Hinze;Lisa;11.11.2020;6:15 PM
23280;Mr.;Hennig;Jens;23.01.2020;11:14 AM
23300;Mr.;Hellmann;Enrico;14.06.2020;5:49 PM
23320;Mr.;Germos;Dieter;01.02.2020;2:37 PM
23340;Mr.;Zubeil;Ingo;18.04.2021;3:24 PM
23360;Ms.;Waal;Isolde;14.10.2020;9:01 AM
23380;Ms.;Schmidt;Imug;15.10.2021;3:11 PM
23400;Ms.;Schmidt;Ilse;11.12.2020;12:14 PM
23420;Ms.;Rudnick;Erika;20.04.2020;2:56 PM
23440;Mr.;Reiner;Horst;23.01.2021;2:15 PM
23460;Mr.;Raabe;Steffan;02.03.2020;10:15 AM
23480;Ms.;Meier;Petra;26.03.2021;1:21 PM
23500;Mr.;Mayer;Klaus;27.06.2021;2:13 PM
23520;Mr.;Jäger;Samuel;24.09.2020;3:11 PM
23540;Mr.;Hinze;Henry;03.01.2021;9:58 AM
23560;Ms.;Flock;Annerose;24.05.2021;12:55 PM
23580;Ms.;Pohl;Ilse;13.12.2020;9:16 AM
23600;Ms.;Kitzig;Bettina;08.06.2021;5:50 PM
23620;Ms.;Jäger;Susanne;22.12.2021;11:31 AM
23640;Mr.;Winter;Heinz;12.10.2020;3:07 PM
23660;Ms.;Treptow;Ines;25.10.2021;4:36 PM
23680;Ms.;Schnitzer;Helena;24.09.2020;12:50 PM
23700;Ms.;Prütznick;Sabine;05.12.2021;9:57 AM
23720;Ms.;Möller;Manuela;12.04.2020;2:23 PM
23740;Mr.;Meier;Fred;29.08.2021;3:50 PM
23760;Mr.;Jäger;Luis;10.04.2021;8:48 AM
23780;Mr.;Grün;Orlando;20.07.2021;4:15 PM
23800;Mr.;Petermann;Ingo;13.11.2020;1:30 PM
23820;Mr.;Kitzig;Rüdiger;04.02.2020;1:21 PM
23840;Ms.;Jahnson;Heidrun;09.05.2020;6:06 PM
23860;Mr.;Hübner;Karsten;15.08.2020;5:37 PM
23880;Ms.;Wittkowski;Waltraud;10.07.2020;9:31 AM
23900;Ms.;Meier;Liane;11.08.2021;5:22 PM
23920;Ms.;Kluge;Marieanne;04.11.2021;4:42 PM
23940;Ms.;Kaleew;Ruth;06.05.2020;10:49 AM
23960;Ms.;Jakob;Heidrun;14.08.2021;2:34 PM
23980;Ms.;Jäger;Anna;26.12.2020;9:44 AM
24000;Ms.;Bittermann;Samantha;07.01.2020;4:38 PM
24020;Ms.;Bittermann;Bianca;10.08.2020;10:24 AM
24040;Mr.;Schneider;Josef;18.06.2020;1:47 PM
24060;Ms.;Schneider;Manja;03.04.2020;10:05 AM
24080;Mr.;Schmidt;Uwe;29.11.2020;11:33 AM
24100;Ms.;Schmidt;Felicitas;23.07.2021;9:57 AM
24120;Mr.;Reiner;Cevin;21.10.2020;11:58 AM
24140;Mr.;Reedmann;Horst;22.05.2020;3:17 PM
24160;Ms.;Maifeld;Clea;16.04.2021;11:22 AM
24180;Ms.;Maier;Gertrude;02.06.2020;3:50 PM
24200;Mr.;Leonas;Sascha;23.01.2021;8:48 AM
24220;Mr.;Krone;Klaus;22.04.2021;9:32 AM
24240;Mr.;Kerlein;Jens;01.11.2020;11:10 AM
24260;Ms.;Kakowski;Marion;28.10.2021;11:05 AM
24280;Mr.;Johann;Rüdiger;26.07.2020;10:38 AM
24300;Ms.;Deckert;Andrea;07.10.2021;10:05 AM
24320;Ms.;Claasen;Helga;17.09.2020;11:38 AM
24360;Mr.;Breitner;Siegfried;26.08.2020;12:57 PM
24380;Mr.;Breitenbach;Heinz;21.01.2021;12:37 PM
24400;Mr.;Beyer;Jürgen;08.11.2021;6:04 PM
24420;Ms.;Berger;Gerlind;31.08.2021;10:52 AM
24440;Ms.;Zurek;Ester;05.03.2021;11:17 AM
24460;Ms.;Walter;Carola;20.01.2020;11:22 AM
24480;Ms.;Teelke;Constanze;15.05.2020;2:46 PM
24500;Mr.;Stolte;Peter;03.07.2021;3:22 PM
24520;Ms.;Sieger;Franziska;17.05.2021;9:13 AM
24540;Mr.;Seefeld;Frank;17.09.2021;2:11 PM
24560;Mr.;Seefeld;Manfred;27.05.2021;12:37 PM
24580;Ms.;Schmied;Britta;04.03.2021;11:58 AM
24600;Ms.;Busse;Andrea;21.08.2020;10:51 AM
24600;Ms.;Schmied;Mia;17.11.2020;5:28 PM
24620;Mr.;Schmidt;Uwe;04.02.2021;9:01 AM
24640;Ms.;Schmidt;Marion;22.03.2021;6:10 PM
24660;Ms.;Regen;Steffanie;11.07.2020;5:52 PM
24680;Ms.;Pretzkow;Dorothea;23.06.2021;10:02 AM
24700;Ms.;Petersen;Sabine;24.08.2021;1:09 PM
24720;Ms.;Petersen;Inge;12.10.2020;5:09 PM
24740;Ms.;Petermann;Birgit;02.07.2020;2:32 PM
24760;Ms.;Paulsen;Solveig;02.08.2021;10:49 AM
24780;Mr.;Name;Frederick;31.12.2020;5:17 PM
24800;Mr.;Loose;Udo;17.01.2020;2:29 PM
24820;Ms.;Lohn;Marie;14.09.2020;4:48 PM
24840;Ms.;Liepkowski;Klara;14.07.2020;8:53 AM
24860;Mr.;Kunz;Rudolf;23.11.2020;2:25 PM
24880;Mr.;Kloose;Rudolf;03.11.2020;6:15 PM
24900;Ms.;Karstens;Heike;09.01.2020;12:08 PM
24920;Ms.;Hannung;Franka;16.01.2021;11:22 AM
24940;Mr.;Germos;Fritz;21.04.2021;11:44 AM
24960;Ms.;Claasen;Marie;14.12.2020;2:18 PM
24980;Mr.;Beyer;Björn;16.07.2021;4:14 PM
25000;Mr.;Schlund;Otto;18.09.2021;12:41 PM
25020;Ms.;Leer;Helga;12.06.2020;2:03 PM
25040;Ms.;Klein;Anke;10.04.2021;1:34 PM
25060;Ms.;Drewer;Johanna;01.08.2020;11:25 AM
25080;Ms.;Beyer;Maria;11.04.2020;4:49 PM
25100;Mr.;Treben;Peter;16.03.2021;5:59 PM
25120;Ms.;Öhnsam;Petra;10.08.2021;4:30 PM
25140;Ms.;Meier;Sabine;21.04.2020;11:44 AM
25160;Ms.;Hellmann;Bettina;11.07.2020;1:20 PM
25180;Mr.;Dittmann;Reiner;23.07.2020;12:25 PM
25200;Mr.;Wolter;Xavier;20.03.2020;11:54 AM
25220;Ms.;Tief;Caren;18.02.2021;9:16 AM
25240;Ms.;Schmidt;Solveig;29.07.2020;10:24 AM
25260;Ms.;Reagen;Zoe;17.09.2021;9:32 AM
25280;Mr.;Poser;Henry;20.10.2020;3:03 PM
25300;Ms.;Maier;Rita;18.08.2021;1:48 PM
25320;Ms.;Groß;Sabine;26.07.2021;4:41 PM
25340;Mr.;Desien;Dieter;23.02.2020;1:41 PM
25360;Ms.;Walter;Vera;05.08.2021;3:17 PM
25380;Ms.;Tubsbach;Inge;01.09.2020;9:24 AM
25400;Ms.;Schmidt;Steffani;09.04.2021;3:06 PM
25420;Mr.;Petermann;Manfred;21.12.2020;1:51 PM
25440;Mr.;Kurz;Rudolf;02.12.2020;5:25 PM
25460;Ms.;Werner;Elke;18.12.2021;8:32 AM
25480;Ms.;Pikowski;Britta;23.02.2020;2:00 PM
25500;Mr.;Mayer;Frank;20.10.2020;3:36 PM
25520;Mr.;Kurz;Sascha;10.08.2021;11:05 AM
25540;Ms.;Gerwitz;Sabine;13.10.2021;11:52 AM
25560;Ms.;Rudnick;Clara;25.08.2021;11:43 AM
25580;Ms.;Müllermann;Birgit;03.12.2021;1:06 PM
25600;Mr.;Meier;Udo;16.04.2020;11:14 AM
25620;Ms.;Jäger;Katharina;30.07.2020;3:43 PM
25640;Mr.;Dorr;Reiner;25.02.2020;5:26 PM
25660;Ms.;Walter;Anna;10.11.2020;6:13 PM
25680;Ms.;Reiter;Jennifer;03.12.2021;4:30 PM
25700;Mr.;Petersen;Udo;01.01.2021;10:25 AM
25720;Mr.;Kunz;Axel;19.09.2020;12:05 PM
25740;Ms.;Krüger;Franka;03.02.2021;10:19 AM
25760;Ms.;Hinze;Ruth;16.09.2020;2:49 PM
25780;Ms.;Hinze;Heidrun;21.07.2020;11:07 AM
25800;Mr.;Reinbach;Horst;06.06.2020;11:21 AM
25820;Ms.;Paul;Uta;03.08.2021;10:05 AM
25840;Ms.;Krümel;Jasmin;04.11.2021;2:41 PM
25860;Mr.;Bayer;Albert;18.10.2021;5:12 PM
25880;Mr.;Petersen;Feit;05.07.2020;5:30 PM
25900;Ms.;Mützner;Klara;02.10.2020;11:04 AM
25920;Mr.;Tretin;Ingo;22.06.2020;10:09 AM
25940;Ms.;Leer;Kerstin;20.07.2020;9:42 AM
25960;Mr.;Kohl;Mark;25.07.2020;10:50 AM
25980;Mr.;Jäger;Klaus;26.04.2021;2:51 PM
26000;Mr.;Talbach;Uwe;12.04.2021;6:14 PM
26020;Mr.;Petersen;Mark;24.02.2020;2:53 PM
26040;Ms.;Opland;Froni;18.08.2020;12:42 PM
26060;Mr.;Hinze;Franz;17.07.2020;12:27 PM
